Original_code,Blind_code
Anthony_FC_12102022_0942.MP4,DS73
Ballantine_FC_09102022_0930.MP4,WD20
Barbados_FC_0912022_1000.MP4,LJ18
Batate_FC_12102022_1040.MP4,ZP98
Bernard_FC_09102022_0944.MP4,CS40
Besenstiel_FC_18102022_0932.MP4,RD59
Diamante_FC_31102022_0944.MP4,BF67
Einstein_FC_12102022_1050.MP4,QF80
Emu_FC_14102022_1022.MP4,PM66
Hera_FC_13102022_1030.MP4,AT13
Jafar_FC_12102022_1000.MP4,BB49
JB_FC_16102022_0944.MP4,BN74
Jessica_FC_15102022_1559.MP4,OA29
Joe_FC_20102022_0922.MP4,AM50
Jumper_FC_13102022_0941.MP4,PQ37
Jurek_FC_13102022_1047.MP4,JI99
Karolina_FC_15102022_1627.MP4,ZN92
Koarl_FC_14102022_1035.MP4,BD57
Krummel_FC_15102022_1613.MP4,BZ68
Lando_FC_14102022_1049.MP4,YN28
Lauffuss_FC_19102022_1145.MP4,VM58
Lausbursch_FC_19102022_1021.MP4,CR50
Leia_FC_20102022_0940.MP4,YO16
Longshanks_FC_14102022_0958.MP4,XL84
Lukka_FC_12102022_10012.MP4,VA51
Luna_FC_13102022_1015.MP4,PE20
Lupin_FC_14102022_1010.MP4,PK96
Natalie_FC_13102022_1005.MP4,GP70
Oberlix_FC_18102022_0956.MP4,KG89
Olga_FC_20102022_0909.MP4,RS99
Ornella_FC_15102022_1545.MP4,JY36
Pudding_FC_31102022_1020.MP4,NI66
Rosenrot_FC_18102022_1100.MP4,SN68
Rubezahl_FC_15102022_1532.MP4,JB65
Trevor_FC_13102022_0952.MP4,VE35
Triton_FC_14102022_0948.MP4,PT35
Anthony_FRF_25102022_0953.MP4,PM15
Ballantine_FRF_26102022_0947.MP4,QK88
Batate_FRF_26102022_1001.MP4,ZP69
Bernard_FRF_27102022_0927.MP4,MG91
Besenstiel_FRF_26102022_1018.MP4,YB95
Diamante_FRF_28102022_0944.MP4,LO30
Einstein_FRF_23102022_0936.MP4,QM82
Emu_FRF_23102022_1040.MP4,TA14
Hera_FRF_19102022_1050.MP4,AY11
Jafar_FRF_28102022_0923.MP4,AF95
JB_FRF_19102022_1130.MP4,GK95
Jessica_FRF_23102022_0924.MP4,RQ53
Joe_FRF_26102022_1035.MP4,DX39
Jumper_FRF_20102022_1014.MP4,VC44
Jurek_FRF_25102022_1054.MP4,UW23
Karolina_FRF_25102022_1039.MP4,PS36
Koarl_FRF_26102022_1049.MP4,MQ39
Krummel_FRF_29102022_1014.MP4,VU23
Lando_FRF_25102022_1007.MP4,UK60
Lauffuss_FRF_31102022_0842.MP4,ZP37
Lausbursch_FRF_23102022_1000.MP4,JS75
Leia_FRF_22102022_1753.MP4,RC92
Longshanks_FRF_31102022_0828.MP4,KW45
Lukka_FRF_28102022_1052.MP4,MF42
Luna_FRF_102022_0952.MP4,SL35
Lupin_FRF_24102022_0926.MP4,CH23
Natalie_FRF_19102022_1035.MP4,NH76
Oberlix_FRF_31102022_0813.MP4,ZM17
Olga_FRF_29102022_0940.MP4,TT33
Ornella_FRF_29102022_1032.MP4,SI10
Pudding_FRF_31102022_0902.MP4,RZ81
Rosenrot_FRF_31102022_0931.MP4,ZN21
Rubezahl_FRF_29102022_1043.MP4,YQ35
Trevor_FRF_30102022_0919.MP4,MZ26
Triton_FRF_29102022_1056.MP4,RU53
Anthony_PRF_27102022_1108.MP4,SX42
Ballantine_FRP_23102022_0910.MP4,PX73
Barbados_FRP_10102022_1741.MP4,ME77
Batate_PRF_18102022_1045.MP4,CV18
Bernard_PRF_23102022_0950.MP4,UB31
Diamante_PRF_30102022_0932.MP4,RY98
Einstein_PRF_18102022_1023.MP4,EA40
Emu_PRF_20102022_1052.MP4,KI15
Hera_FRP_24102022_1044.MP4,BT98
Jafar_PRF_19102022_1035.MP4,WJ55
JB_FRP_27102022_1130.MP4,XW88
Jessica_PRF_24102022_0953.MP4,FD17
Joe_PRF_24102022_1058.MP4,ML27
Jumper_FRP_27102022_0952.MP4,IN87
Jurek_PRF_25102022_1106.MP4,WZ29
Karolina_FRP_17102022_1045.MP4,VE59
Koarl_PRF_28102022_0957.MP4,ZB99
Krummel_FRP_24102022_1027.MP4,RK76
Lando_FRP_28102022_1040.MP4,ZR51
Laufuss_PRF_30102022_0959.MP4,EM51
Lausbursch_PRF_17102022_0950.MP4,GF37
Leia_FRP_28102022_1026.MP4,NH51
Longshanks_FRP_23102022_1023.MP4,FC13
Lukka_PRF_24102022_1115.MP4,EL91
Luna_PRF_27102022_1006.MP4,OJ36
Lupin_FRP_23102022_1054.MP4,FM65
Natalie_FRP_27102022_1034.MP4,XK41
Oberlix_PRF_28102022_1012.MP4,ZX48
Olga_FRP_26102022_1115.MP4,FS52
Ornella_PRF_17102022_1015.MP4,QN56
Pudding_PRF_29102022_0953.MP4,AG59
Rosenrot_FRP_17102022_1020.MP4,QN28
Rubezahl_FRP_22102022_1810.MP4,RI98
Trevor_PRF_27102022_1050.MP4,BC74
Triton_FRP_24102022_1013.MP4,VI35
Allegra_FC_17112022_1052.MP4,VZ39
Anthony_FC_08112022_0843.MP4,LG98
Ballantine_FC_07112022_0855.MP4,ZV22
Bayou_FC_09112022_1042.MP4,SL59
Bernard_FC_11112022_0943.MP4,SI78
Bruce Springsteen_FC_13112022_0918.MP4,MZ46
Diamante_FC_14112022_1008.MP4,DP39
Dorothea_FC_08112022_0950.MP4,TV91
Eastwood_FC_15112022_0846.MP4,BX66
Hera_FC_12112022_0924.MP4,XE58
Idgie_FC_021120222_0828.MP4,AP39
Janosch_FC_17112022_1015.MP4,JI67
JB_FC_15112022_1022.MP4,PO48
Jessica_FC_07112022_0911.MP4,OM62
Joe_FC_11112022_0930.MP4,NL94
Jumper_FC_02112022_0911.MP4,PE19
Jurek_FC_12112022_1021.MP4,PZ10
Karolina_FC_15112022_0917.MP4,UQ38
Kendo_FC_12112022_1010.MP4,GD21
L'amour_FC_09112022_1028.MP4,XL52
Lando_FC_12112022_0911.MP4,ZY44
Lausbursch_FC_14112022_0901.MP4,NH87
Leia_FC_06112022_0905.MP4,JH77
Lindy Hop_FC_11112022_0956.MP4,SI24
Longshanks_FC_09112022_0849.MP4,VE85
Lotta_FC_19112022_1441.MP4,TZ85
Lukka_FC_02112022_0841.MP4,DD53
Lupin_FC_06112022_0931.MP4,VY29
Oberlix_FC_15112022_0859.MP4,RW30
Romy_FC_14112022_0915.MP4,ZJ51
Rosenrot_FC_15112022_0941.MP4,BG63
Taras_FC_08112022_1000.MP4,DK11
Triton_FC_07112022_0928.MP4,UU71
Allegra_FRF_20112022_0943.MP4,JH79
Anthony_FRF_21112022_0930.MP4,IR18
Ballantine_FRF_22112022_1026.MP4,PX42
Bayou_FRF_19112022_1507.MP4,VE30
Bernard_FRF_17112022_0922.MP4,XX97
Bruce Springsteen_FRF_21112022_0913.MP4,CY11
Diamante_FRF_19112022_0917.MP4,AU60
Dorothea_FRF_19112022_0904.MP4,AN32
Eastwood_FRF_20112022_1008.MP4,BB95
Hera_FRF_23112022_1126.MP4,UO91
Idgie_FRF_20112022_0916.MP4,BY58
Janosch_FRF_23112022_0948.MP4,KX41
JB_FRF_22112022_1040.MP4,DO20
Jessica_FRF_17112022_1027.MP4,WO88
Joe_FRF_22112022_1013.MP4,JS38
Jumper_FRF_23112022_1058.MP4,GM92
Jurek_FRF_21112022_0946.MP4,NV45
Karolina_FRF_24112022_1114.MP4,CY33
Kendo_FRF_17112022_0934.MP4,MR42
L'amour_FRF_20112022_0955.MP4,PL63
Lando_FRF_24112022_1041.MP4,NH43
Lausbursch_FRF_20112022_0903.MP4,LN46
Leia_FRF_24112022_1144.MP4,JT62
Lindy Hop_ FRF_22112022_0959.MP4,QW34
Longshanks_FRF_23112022_1004.MP4,LN50
Lotta_FRF_21112022_1005.MP4,DZ53
Lukka_FRF_24112022_1129.MP4,GA97
Lupin_FRF_24112022_1056.MP4,QS99
Oberlix_FRF_23112022_1024.MP4,ZE69
Romy_FRF_19112022_1455.MP4,EW88
Rosenrot_FRF_20112022_0930.MP4,FL96
Triton_FRF_23112022_1039.MP4,VP98
Allegra_PRF_08102022_0856.MP4,JH15
Anthony_FRP_06112022_0945.MP4,BB69
Ballantine_PRF_17112022_0947.MP4,XP94
Bayou_FRP_17112022_1000.MP4,UR42
Bernard_FRP_13112022_0905.MP4,ZR55
Bruce Springsteen_PRF_09112022_0915.MP4,RN12
Diamante_FRP_13112022_0831.MP4,ZV73
Dorothea_FRP_02112022_0859.MP4,TJ50
Eastwood_PRF_12112022_0945.MP4,DS86
Hera_FRP_09112022_0950.MP4,HK77
Idgie_FRP_08112022_0934.MP4,DM46
Janosch_PRF_03112022_0929.MP4,VH25
JB_PRF_13112022_1044.MP4,EM45
Jessica_FRP_03112022_1015.MP4,RS84
Joe_FRP_09112022_0908.MP4,TV69
Jumper_FRP_15112022_1049.MP4,GZ48
Jurek_FRP2-06112022_0833.MP4,TB26
Karolina_PRF_13112022_1059.MP4,CH52
Kendo_PRF_09112022_0932.MP4,OJ50
L'amour_PRF_11112022_0915.MP4,ML56
Lando_FRP_11112022_1013.MP4,FW86
Lausbursch_PRF_12112022_0957.MP4,JX49
Leia_PRF_02112022_0927.MP4,JM91
Lindy Hop_PRF_12112022_0858.MP4,CC78
Longshanks_FRP_14112022_0938.MP4,WV75
Lotta_PRF_17112022_1039.MP4,SQ17
Lukka_FRP_03112022_1002.MP4,DR62
Lupin_PRF_07112022_0950.MP4,SH12
Oberlix_PRF_08112022_0912.MP4,MH75
Romy_PRF_13112022_0938.MP4,KK12
Rosenrot_PRF_13112022_1006.MP4,GD31
Taras_FRP_11112022_0843.MP4,MI76
Triton_FRP_13112022_1024.MP4,XL65
